,frontline_stoppages_percent,OE_HARD,SAFETY_PERF
GPUR,1.5214223215890252,0.8974734649824635,-0.07348484126749016
GOPS,-0.9590583186651144,-0.4266799624898608,0.6774570623187024
GLOG,-0.8923199029330795,-0.1084661769539115,0.2981354789683985
GTRN,0.9353925911537795,0.5720268210780232,0.1290362799795029
