site_id,GPUR,GOPS,GLOG,GTRN,GCOL,SUPINT,MAINT,COMP,OE,EP,reporting_period,uptime_percent,unplanned_downtime_hours,tons_per_hour,rework_rate_percent,energy_kwh_per_ton,water_m3_per_ton,cost_per_ton,maintenance_cost_per_ton,on_time_delivery_percent,supplier_defect_percent,ltifr,trifr,sifr,fifr,safety_audits_passed_percent,employees_competent_percent,frontline_stoppages_percent,OE_HARD,SAFETY_PERF
A01,4.25,4.0,3.6666666666666665,3.6666666666666665,4.0,4.0,4.333333333333333,4.0,4.2,4.0,2024.0,92.4,128.0,354.7,1.8,47.5,0.86,612.5,149.3,91.2,2.4,0.52,0.87,0.3,0.02,95.0,88.0,72.0,-0.05363724574855374,0.25554631496758734
A02,4.5,4.5,4.666666666666667,5.0,4.666666666666667,4.666666666666667,5.0,4.666666666666667,5.0,5.0,2024.0,95.1,76.5,412.3,1.2,42.3,0.78,589.0,132.5,94.5,1.8,0.35,0.65,0.1,0.0,97.0,91.5,65.0,1.2475953779308904,1.0051861375330682
A03,2.75,2.5,2.6666666666666665,3.0,2.6666666666666665,2.6666666666666665,3.0,2.6666666666666665,3.0,3.0,2024.0,89.7,150.2,298.4,2.5,50.1,0.92,635.0,165.0,88.0,3.1,0.75,1.1,0.6,0.05,92.0,85.0,58.0,-1.1939581321823358,-1.2607324525006571
